<?xml version='1.0' encoding='ISO-8859-1'  ?>
<!DOCTYPE index
  PUBLIC "-//Sun Microsystems Inc.//DTD JavaHelp Index Version 1.0//EN"
         "http://java.sun.com/products/javahelp/index_1_0.dtd">

<index version="1.0">

  <indexitem text="Descripcion del Panel de Regalos" target="Introduccion" />
  <indexitem text="Introduccion del codigo" target="Introduccion del codigo"/>
  <indexitem text="Seleccion de idioma" target="Seleccion de idioma"/>  
  <indexitem text="Ventana del juego" target="Ventana del juego"
    <indexitem text="Panel de botones" target = "Panel de botones"
    	<indexitem text="Regalo directo" target = "Regalo directo"
    </indexitem>
    <indexitem text="Sus puntos" target = "Sus puntos"/>
    <indexitem text="Sus tiradas" target = "Sus tiradas"/>
  </indexitem>
  <indexitem text="Ventana de canjeo" target = "Ventana de canjeo"
    <indexitem text="Botones de eliminar y solicitar" target = "Botones de eliminar y solicitar"/>
    <indexitem text="Filtros por seccion" target = "Filtros por seccion"/>
    <indexitem text="Informacion del regalo" target = "Informacion del regalo"/>
    <indexitem text="Lista de los regalos" target = "Lista de los regalos"/>
    <indexitem text="Panel de canjeo" target = "Panel de canjeo"
    	<indexitem text="Ventana de viajes/experiencias" target = "Ventana de viajes/experiencias"/>
    </indexitem>    
    <indexitem text="Slider de filtrado" target = "Slider de filtrado"/>
    <indexitem text="Sus puntos" target = "Sus puntos"/>
    <indexitem text="Unidades a a�adir/eliminar" target = "Unidades a a�adir/eliminar"/>   
  </indexitem>

</index>
